<?xml version="1.0" encoding="UTF-8"?>
<metadata xml:lang="ca"><Esri><CreaDate>20150911</CreaDate><CreaTime>20215300</CreaTime><ArcGISFormat>1.0</ArcGISFormat><SyncOnce>TRUE</SyncOnce><DataProperties><itemProps><itemLocation><linkage Sync="TRUE">file://\\BOTEY\Users\ic2team\Dropbox\PROJECTES\IAS Tracker\IASTracker_Isaac\SHAPE_PAISOS\CNTR_RG_03M_2014_WGS84</linkage><protocol Sync="TRUE">Local Area Network</protocol></itemLocation></itemProps><copyHistory><copy source="C:\ICC_SPINOFF\IC5TEAM\IASTracker\IAS_IS\GISDATA\CNTR_RG_03M_2014_WGS84" dest="\\BOTEY\Users\ic2team\Dropbox\PROJECTES\IAS Tracker\IASTracker_Isaac\SHAPE_PAISOS\CNTR_RG_03M_2014_WGS84" date="20150911" time="20215300"></copy></copyHistory></DataProperties></Esri></metadata>
