<?xml version="1.0" encoding="UTF-8"?>
<metadata xml:lang="ca"><Esri><CreaDate>20150911</CreaDate><CreaTime>20481200</CreaTime><ArcGISFormat>1.0</ArcGISFormat><SyncOnce>TRUE</SyncOnce><DataProperties><itemProps><itemLocation><linkage Sync="TRUE">file://\\BOTEY\Users\ic2team\Dropbox\PROJECTES\IAS Tracker\IASTracker_Isaac\NUTS_LEVL_2_CCAA\NUTS_RG_01M_2013_LEVL_2_WGS84</linkage><protocol Sync="TRUE">Local Area Network</protocol></itemLocation></itemProps><copyHistory><copy source="C:\ICC_SPINOFF\IC5TEAM\IASTracker\IAS_IS\GISDATA\NUTS_RG_01M_2013_LEVL_2_WGS84" dest="\\BOTEY\Users\ic2team\Dropbox\PROJECTES\IAS Tracker\IASTracker_Isaac\NUTS_LEVL_2_CCAA\NUTS_RG_01M_2013_LEVL_2_WGS84" date="20150911" time="20481200"></copy></copyHistory></DataProperties></Esri></metadata>
